Id,FirstName,LastName,Age,Address,Email
0,Uriah,Jerde,67,18230 Kiehn Wall,Annie_Altenwerth@yahoo.com
0,Jasper,Cole,41,624 Brody Prairie,Aimee98@hotmail.com
0,Laverne,Hettinger,74,6817 Henry Freeway,Ariane_Greenfelder75@gmail.com
0,Brent,Weissnat,14,742 Kris Harbor,Carley.Yost52@yahoo.com
0,Doug,Grant,76,265 Bailey Turnpike,Jared29@yahoo.com
0,Evie,Robel,71,568 Purdy Mission,Arne.Reilly67@yahoo.com
0,Marc,Walker,68,43270 Ewald Valleys,Ashlee1@yahoo.com
0,Nat,Romaguera,52,63385 Mylene Springs,Timothy.Fadel@gmail.com
0,Judah,Hirthe,98,102 Gia Village,Anahi.Gleichner@hotmail.com
0,Cora,Heller,77,21004 Donny Ville,Destiny.Waters@yahoo.com
